Komoditas,Tahun,Nilai_Ekspor_Juta_USD,Bulan,Tanggal
Biji Kakao,2023,4.7,1,2023-01-01
Biji Kakao,2023,4.0,2,2023-02-01
Biji Kakao,2023,3.1,3,2023-03-01
Biji Kakao,2023,3.1,4,2023-04-01
Biji Kakao,2023,7.1,5,2023-05-01
Biji Kakao,2023,5.0,6,2023-06-01
Biji Kakao,2023,2.8,7,2023-07-01
Biji Kakao,2023,0.4,8,2023-08-01
Biji Kakao,2023,4.7,9,2023-09-01
Biji Kakao,2023,0.1,10,2023-10-01
Biji Kakao,2023,7.9,11,2023-11-01
Biji Kakao,2023,4.0,12,2023-12-01
Biji Kakao,2024,6.7,1,2024-01-01
Biji Kakao,2024,7.5,2,2024-02-01
Biji Kakao,2024,4.6,3,2024-03-01
Biji Kakao,2024,6.8,4,2024-04-01
Biji Kakao,2024,0.0,5,2024-05-01
Biji Kakao,2024,14.4,6,2024-06-01
Biji Kakao,2024,7.0,7,2024-07-01
Biji Kakao,2024,6.3,8,2024-08-01
Biji Kakao,2024,7.5,9,2024-09-01
Biji Kakao,2024,4.7,10,2024-10-01
Biji Kakao,2024,4.8,11,2024-11-01
Biji Kakao,2024,10.3,12,2024-12-01
Biji Kakao,2025,6.6,1,2025-01-01
Biji Kakao,2025,8.0,2,2025-02-01
Biji Kakao,2025,4.7,3,2025-03-01
Biji Kakao,2025,8.2,4,2025-04-01
Biji Kakao,2025,8.4,5,2025-05-01
Biji Kakao,2025,8.0,6,2025-06-01
Biji Kakao,2025,7.6,7,2025-07-01
Biji Kakao,2025,5.8,8,2025-08-01
Biji Kakao,2025,2.2,9,2025-09-01
Biji Kakao,2025,6.0,10,2025-10-01
Biji Kakao,2025,0.2,11,2025-11-01
Biji Kakao,2025,5.4,12,2025-12-01
Biji Kakao,2026,2.2,1,2026-01-01
Biji Kakao,2026,5.7,2,2026-02-01
Biji Kakao,2026,,3,2026-03-01
Biji Kakao,2026,,4,2026-04-01
Biji Kakao,2026,,5,2026-05-01
Biji Kakao,2026,,6,2026-06-01
Biji Kakao,2026,,7,2026-07-01
Biji Kakao,2026,,8,2026-08-01
Biji Kakao,2026,,9,2026-09-01
Biji Kakao,2026,,10,2026-10-01
Biji Kakao,2026,,11,2026-11-01
Biji Kakao,2026,,12,2026-12-01
Buah-buahan Tahunan,2023,28.5,1,2023-01-01
Buah-buahan Tahunan,2023,29.8,2,2023-02-01
Buah-buahan Tahunan,2023,24.5,3,2023-03-01
Buah-buahan Tahunan,2023,13.1,4,2023-04-01
Buah-buahan Tahunan,2023,16.3,5,2023-05-01
Buah-buahan Tahunan,2023,21.6,6,2023-06-01
Buah-buahan Tahunan,2023,25.6,7,2023-07-01
Buah-buahan Tahunan,2023,20.0,8,2023-08-01
Buah-buahan Tahunan,2023,30.3,9,2023-09-01
Buah-buahan Tahunan,2023,33.3,10,2023-10-01
Buah-buahan Tahunan,2023,46.4,11,2023-11-01
Buah-buahan Tahunan,2023,44.0,12,2023-12-01
Buah-buahan Tahunan,2024,44.4,1,2024-01-01
Buah-buahan Tahunan,2024,57.2,2,2024-02-01
Buah-buahan Tahunan,2024,73.6,3,2024-03-01
Buah-buahan Tahunan,2024,29.5,4,2024-04-01
Buah-buahan Tahunan,2024,28.5,5,2024-05-01
Buah-buahan Tahunan,2024,17.4,6,2024-06-01
Buah-buahan Tahunan,2024,25.1,7,2024-07-01
Buah-buahan Tahunan,2024,29.0,8,2024-08-01
Buah-buahan Tahunan,2024,45.5,9,2024-09-01
Buah-buahan Tahunan,2024,68.1,10,2024-10-01
Buah-buahan Tahunan,2024,83.4,11,2024-11-01
Buah-buahan Tahunan,2024,78.9,12,2024-12-01
Buah-buahan Tahunan,2025,93.0,1,2025-01-01
Buah-buahan Tahunan,2025,84.0,2,2025-02-01
Buah-buahan Tahunan,2025,59.5,3,2025-03-01
Buah-buahan Tahunan,2025,54.2,4,2025-04-01
Buah-buahan Tahunan,2025,72.8,5,2025-05-01
Buah-buahan Tahunan,2025,40.3,6,2025-06-01
Buah-buahan Tahunan,2025,57.9,7,2025-07-01
Buah-buahan Tahunan,2025,49.2,8,2025-08-01
Buah-buahan Tahunan,2025,58.5,9,2025-09-01
Buah-buahan Tahunan,2025,73.5,10,2025-10-01
Buah-buahan Tahunan,2025,62.8,11,2025-11-01
Buah-buahan Tahunan,2025,54.1,12,2025-12-01
Buah-buahan Tahunan,2026,45.5,1,2026-01-01
Buah-buahan Tahunan,2026,38.4,2,2026-02-01
Buah-buahan Tahunan,2026,,3,2026-03-01
Buah-buahan Tahunan,2026,,4,2026-04-01
Buah-buahan Tahunan,2026,,5,2026-05-01
Buah-buahan Tahunan,2026,,6,2026-06-01
Buah-buahan Tahunan,2026,,7,2026-07-01
Buah-buahan Tahunan,2026,,8,2026-08-01
Buah-buahan Tahunan,2026,,9,2026-09-01
Buah-buahan Tahunan,2026,,10,2026-10-01
Buah-buahan Tahunan,2026,,11,2026-11-01
Buah-buahan Tahunan,2026,,12,2026-12-01
Hasil Hutan Bukan Kayu Lainnya,2023,0.3,1,2023-01-01
Hasil Hutan Bukan Kayu Lainnya,2023,0.3,2,2023-02-01
Hasil Hutan Bukan Kayu Lainnya,2023,0.3,3,2023-03-01
Hasil Hutan Bukan Kayu Lainnya,2023,0.2,4,2023-04-01
Hasil Hutan Bukan Kayu Lainnya,2023,0.3,5,2023-05-01
Hasil Hutan Bukan Kayu Lainnya,2023,0.2,6,2023-06-01
Hasil Hutan Bukan Kayu Lainnya,2023,0.2,7,2023-07-01
Hasil Hutan Bukan Kayu Lainnya,2023,0.3,8,2023-08-01
Hasil Hutan Bukan Kayu Lainnya,2023,0.3,9,2023-09-01
Hasil Hutan Bukan Kayu Lainnya,2023,0.2,10,2023-10-01
Hasil Hutan Bukan Kayu Lainnya,2023,0.2,11,2023-11-01
Hasil Hutan Bukan Kayu Lainnya,2023,0.3,12,2023-12-01
Hasil Hutan Bukan Kayu Lainnya,2024,0.2,1,2024-01-01
Hasil Hutan Bukan Kayu Lainnya,2024,0.3,2,2024-02-01
Hasil Hutan Bukan Kayu Lainnya,2024,0.4,3,2024-03-01
Hasil Hutan Bukan Kayu Lainnya,2024,0.1,4,2024-04-01
Hasil Hutan Bukan Kayu Lainnya,2024,0.3,5,2024-05-01
Hasil Hutan Bukan Kayu Lainnya,2024,0.2,6,2024-06-01
Hasil Hutan Bukan Kayu Lainnya,2024,0.2,7,2024-07-01
Hasil Hutan Bukan Kayu Lainnya,2024,0.3,8,2024-08-01
Hasil Hutan Bukan Kayu Lainnya,2024,0.2,9,2024-09-01
Hasil Hutan Bukan Kayu Lainnya,2024,0.3,10,2024-10-01
Hasil Hutan Bukan Kayu Lainnya,2024,0.4,11,2024-11-01
Hasil Hutan Bukan Kayu Lainnya,2024,0.2,12,2024-12-01
Hasil Hutan Bukan Kayu Lainnya,2025,0.3,1,2025-01-01
Hasil Hutan Bukan Kayu Lainnya,2025,0.2,2,2025-02-01
Hasil Hutan Bukan Kayu Lainnya,2025,0.3,3,2025-03-01
Hasil Hutan Bukan Kayu Lainnya,2025,0.2,4,2025-04-01
Hasil Hutan Bukan Kayu Lainnya,2025,0.3,5,2025-05-01
Hasil Hutan Bukan Kayu Lainnya,2025,0.2,6,2025-06-01
Hasil Hutan Bukan Kayu Lainnya,2025,0.2,7,2025-07-01
Hasil Hutan Bukan Kayu Lainnya,2025,0.3,8,2025-08-01
Hasil Hutan Bukan Kayu Lainnya,2025,0.4,9,2025-09-01
Hasil Hutan Bukan Kayu Lainnya,2025,0.3,10,2025-10-01
Hasil Hutan Bukan Kayu Lainnya,2025,0.3,11,2025-11-01
Hasil Hutan Bukan Kayu Lainnya,2025,0.3,12,2025-12-01
Hasil Hutan Bukan Kayu Lainnya,2026,0.2,1,2026-01-01
Hasil Hutan Bukan Kayu Lainnya,2026,0.2,2,2026-02-01
Hasil Hutan Bukan Kayu Lainnya,2026,,3,2026-03-01
Hasil Hutan Bukan Kayu Lainnya,2026,,4,2026-04-01
Hasil Hutan Bukan Kayu Lainnya,2026,,5,2026-05-01
Hasil Hutan Bukan Kayu Lainnya,2026,,6,2026-06-01
Hasil Hutan Bukan Kayu Lainnya,2026,,7,2026-07-01
Hasil Hutan Bukan Kayu Lainnya,2026,,8,2026-08-01
Hasil Hutan Bukan Kayu Lainnya,2026,,9,2026-09-01
Hasil Hutan Bukan Kayu Lainnya,2026,,10,2026-10-01
Hasil Hutan Bukan Kayu Lainnya,2026,,11,2026-11-01
Hasil Hutan Bukan Kayu Lainnya,2026,,12,2026-12-01
Ikan Segar/Dingin Hasil Tangkapan,2023,8.2,1,2023-01-01
Ikan Segar/Dingin Hasil Tangkapan,2023,7.6,2,2023-02-01
Ikan Segar/Dingin Hasil Tangkapan,2023,10.0,3,2023-03-01
Ikan Segar/Dingin Hasil Tangkapan,2023,7.2,4,2023-04-01
Ikan Segar/Dingin Hasil Tangkapan,2023,9.6,5,2023-05-01
Ikan Segar/Dingin Hasil Tangkapan,2023,8.1,6,2023-06-01
Ikan Segar/Dingin Hasil Tangkapan,2023,8.8,7,2023-07-01
Ikan Segar/Dingin Hasil Tangkapan,2023,8.3,8,2023-08-01
Ikan Segar/Dingin Hasil Tangkapan,2023,8.0,9,2023-09-01
Ikan Segar/Dingin Hasil Tangkapan,2023,9.5,10,2023-10-01
Ikan Segar/Dingin Hasil Tangkapan,2023,10.3,11,2023-11-01
Ikan Segar/Dingin Hasil Tangkapan,2023,11.1,12,2023-12-01
Ikan Segar/Dingin Hasil Tangkapan,2024,12.3,1,2024-01-01
Ikan Segar/Dingin Hasil Tangkapan,2024,8.5,2,2024-02-01
Ikan Segar/Dingin Hasil Tangkapan,2024,10.3,3,2024-03-01
Ikan Segar/Dingin Hasil Tangkapan,2024,8.3,4,2024-04-01
Ikan Segar/Dingin Hasil Tangkapan,2024,10.5,5,2024-05-01
Ikan Segar/Dingin Hasil Tangkapan,2024,10.0,6,2024-06-01
Ikan Segar/Dingin Hasil Tangkapan,2024,9.5,7,2024-07-01
Ikan Segar/Dingin Hasil Tangkapan,2024,9.7,8,2024-08-01
Ikan Segar/Dingin Hasil Tangkapan,2024,10.3,9,2024-09-01
Ikan Segar/Dingin Hasil Tangkapan,2024,10.4,10,2024-10-01
Ikan Segar/Dingin Hasil Tangkapan,2024,12.0,11,2024-11-01
Ikan Segar/Dingin Hasil Tangkapan,2024,10.3,12,2024-12-01
Ikan Segar/Dingin Hasil Tangkapan,2025,13.8,1,2025-01-01
Ikan Segar/Dingin Hasil Tangkapan,2025,12.1,2,2025-02-01
Ikan Segar/Dingin Hasil Tangkapan,2025,13.9,3,2025-03-01
Ikan Segar/Dingin Hasil Tangkapan,2025,10.3,4,2025-04-01
Ikan Segar/Dingin Hasil Tangkapan,2025,14.1,5,2025-05-01
Ikan Segar/Dingin Hasil Tangkapan,2025,48.5,6,2025-06-01
Ikan Segar/Dingin Hasil Tangkapan,2025,12.3,7,2025-07-01
Ikan Segar/Dingin Hasil Tangkapan,2025,12.0,8,2025-08-01
Ikan Segar/Dingin Hasil Tangkapan,2025,12.4,9,2025-09-01
Ikan Segar/Dingin Hasil Tangkapan,2025,13.8,10,2025-10-01
Ikan Segar/Dingin Hasil Tangkapan,2025,12.8,11,2025-11-01
Ikan Segar/Dingin Hasil Tangkapan,2025,13.9,12,2025-12-01
Ikan Segar/Dingin Hasil Tangkapan,2026,12.8,1,2026-01-01
Ikan Segar/Dingin Hasil Tangkapan,2026,11.9,2,2026-02-01
Ikan Segar/Dingin Hasil Tangkapan,2026,,3,2026-03-01
Ikan Segar/Dingin Hasil Tangkapan,2026,,4,2026-04-01
Ikan Segar/Dingin Hasil Tangkapan,2026,,5,2026-05-01
Ikan Segar/Dingin Hasil Tangkapan,2026,,6,2026-06-01
Ikan Segar/Dingin Hasil Tangkapan,2026,,7,2026-07-01
Ikan Segar/Dingin Hasil Tangkapan,2026,,8,2026-08-01
Ikan Segar/Dingin Hasil Tangkapan,2026,,9,2026-09-01
Ikan Segar/Dingin Hasil Tangkapan,2026,,10,2026-10-01
Ikan Segar/Dingin Hasil Tangkapan,2026,,11,2026-11-01
Ikan Segar/Dingin Hasil Tangkapan,2026,,12,2026-12-01
Jagung,2023,12.7,1,2023-01-01
Jagung,2023,9.8,2,2023-02-01
Jagung,2023,2.0,3,2023-03-01
Jagung,2023,4.1,4,2023-04-01
Jagung,2023,0.1,5,2023-05-01
Jagung,2023,0.0,6,2023-06-01
Jagung,2023,0.1,7,2023-07-01
Jagung,2023,0.1,8,2023-08-01
Jagung,2023,0.1,9,2023-09-01
Jagung,2023,0.1,10,2023-10-01
Jagung,2023,0.1,11,2023-11-01
Jagung,2023,0.1,12,2023-12-01
Jagung,2024,0.0,1,2024-01-01
Jagung,2024,0.0,2,2024-02-01
Jagung,2024,0.1,3,2024-03-01
Jagung,2024,0.1,4,2024-04-01
Jagung,2024,0.1,5,2024-05-01
Jagung,2024,0.1,6,2024-06-01
Jagung,2024,11.5,7,2024-07-01
Jagung,2024,4.1,8,2024-08-01
Jagung,2024,0.2,9,2024-09-01
Jagung,2024,0.1,10,2024-10-01
Jagung,2024,0.3,11,2024-11-01
Jagung,2024,0.1,12,2024-12-01
Jagung,2025,0.4,1,2025-01-01
Jagung,2025,0.4,2,2025-02-01
Jagung,2025,0.1,3,2025-03-01
Jagung,2025,0.1,4,2025-04-01
Jagung,2025,0.1,5,2025-05-01
Jagung,2025,2.6,6,2025-06-01
Jagung,2025,0.8,7,2025-07-01
Jagung,2025,0.1,8,2025-08-01
Jagung,2025,0.1,9,2025-09-01
Jagung,2025,0.1,10,2025-10-01
Jagung,2025,0.2,11,2025-11-01
Jagung,2025,0.1,12,2025-12-01
Jagung,2026,0.2,1,2026-01-01
Jagung,2026,0.1,2,2026-02-01
Jagung,2026,,3,2026-03-01
Jagung,2026,,4,2026-04-01
Jagung,2026,,5,2026-05-01
Jagung,2026,,6,2026-06-01
Jagung,2026,,7,2026-07-01
Jagung,2026,,8,2026-08-01
Jagung,2026,,9,2026-09-01
Jagung,2026,,10,2026-10-01
Jagung,2026,,11,2026-11-01
Jagung,2026,,12,2026-12-01
Jumlah,2023,373.5,1,2023-01-01
Jumlah,2023,337.3,2,2023-02-01
Jumlah,2023,377.4,3,2023-03-01
Jumlah,2023,292.3,4,2023-04-01
Jumlah,2023,390.2,5,2023-05-01
Jumlah,2023,358.5,6,2023-06-01
Jumlah,2023,377.2,7,2023-07-01
Jumlah,2023,389.5,8,2023-08-01
Jumlah,2023,405.2,9,2023-09-01
Jumlah,2023,372.6,10,2023-10-01
Jumlah,2023,371.8,11,2023-11-01
Jumlah,2023,355.2,12,2023-12-01
Jumlah,2024,374.2,1,2024-01-01
Jumlah,2024,368.9,2,2024-02-01
Jumlah,2024,430.0,3,2024-03-01
Jumlah,2024,298.7,4,2024-04-01
Jumlah,2024,397.8,5,2024-05-01
Jumlah,2024,392.4,6,2024-06-01
Jumlah,2024,498.1,7,2024-07-01
Jumlah,2024,543.6,8,2024-08-01
Jumlah,2024,562.1,9,2024-09-01
Jumlah,2024,663.9,10,2024-10-01
Jumlah,2024,579.0,11,2024-11-01
Jumlah,2024,579.5,12,2024-12-01
Jumlah,2025,547.3,1,2025-01-01
Jumlah,2025,564.3,2,2025-02-01
Jumlah,2025,575.1,3,2025-03-01
Jumlah,2025,479.9,4,2025-04-01
Jumlah,2025,634.3,5,2025-05-01
Jumlah,2025,586.9,6,2025-06-01
Jumlah,2025,576.2,7,2025-07-01
Jumlah,2025,603.3,8,2025-08-01
Jumlah,2025,625.5,9,2025-09-01
Jumlah,2025,630.3,10,2025-10-01
Jumlah,2025,543.8,11,2025-11-01
Jumlah,2025,516.3,12,2025-12-01
Jumlah,2026,435.9,1,2026-01-01
Jumlah,2026,386.9,2,2026-02-01
Jumlah,2026,,3,2026-03-01
Jumlah,2026,,4,2026-04-01
Jumlah,2026,,5,2026-05-01
Jumlah,2026,,6,2026-06-01
Jumlah,2026,,7,2026-07-01
Jumlah,2026,,8,2026-08-01
Jumlah,2026,,9,2026-09-01
Jumlah,2026,,10,2026-10-01
Jumlah,2026,,11,2026-11-01
Jumlah,2026,,12,2026-12-01
Kopi,2023,69.8,1,2023-01-01
Kopi,2023,58.0,2,2023-02-01
Kopi,2023,50.2,3,2023-03-01
Kopi,2023,53.9,4,2023-04-01
Kopi,2023,97.2,5,2023-05-01
Kopi,2023,95.5,6,2023-06-01
Kopi,2023,91.2,7,2023-07-01
Kopi,2023,95.3,8,2023-08-01
Kopi,2023,77.1,9,2023-09-01
Kopi,2023,90.3,10,2023-10-01
Kopi,2023,76.3,11,2023-11-01
Kopi,2023,61.8,12,2023-12-01
Kopi,2024,58.6,1,2024-01-01
Kopi,2024,72.9,2,2024-02-01
Kopi,2024,86.1,3,2024-03-01
Kopi,2024,61.8,4,2024-04-01
Kopi,2024,88.7,5,2024-05-01
Kopi,2024,101.7,6,2024-06-01
Kopi,2024,158.8,7,2024-07-01
Kopi,2024,196.4,8,2024-08-01
Kopi,2024,199.3,9,2024-09-01
Kopi,2024,256.1,10,2024-10-01
Kopi,2024,168.1,11,2024-11-01
Kopi,2024,175.8,12,2024-12-01
Kopi,2025,168.9,1,2025-01-01
Kopi,2025,184.5,2,2025-02-01
Kopi,2025,200.8,3,2025-03-01
Kopi,2025,152.1,4,2025-04-01
Kopi,2025,208.2,5,2025-05-01
Kopi,2025,219.3,6,2025-06-01
Kopi,2025,208.6,7,2025-07-01
Kopi,2025,255.2,8,2025-08-01
Kopi,2025,270.3,9,2025-09-01
Kopi,2025,248.5,10,2025-10-01
Kopi,2025,210.1,11,2025-11-01
Kopi,2025,175.4,12,2025-12-01
Kopi,2026,120.0,1,2026-01-01
Kopi,2026,109.6,2,2026-02-01
Kopi,2026,,3,2026-03-01
Kopi,2026,,4,2026-04-01
Kopi,2026,,5,2026-05-01
Kopi,2026,,6,2026-06-01
Kopi,2026,,7,2026-07-01
Kopi,2026,,8,2026-08-01
Kopi,2026,,9,2026-09-01
Kopi,2026,,10,2026-10-01
Kopi,2026,,11,2026-11-01
Kopi,2026,,12,2026-12-01
Lada Hitam,2023,2.3,1,2023-01-01
Lada Hitam,2023,2.5,2,2023-02-01
Lada Hitam,2023,2.6,3,2023-03-01
Lada Hitam,2023,2.3,4,2023-04-01
Lada Hitam,2023,4.0,5,2023-05-01
Lada Hitam,2023,3.7,6,2023-06-01
Lada Hitam,2023,2.9,7,2023-07-01
Lada Hitam,2023,4.3,8,2023-08-01
Lada Hitam,2023,3.2,9,2023-09-01
Lada Hitam,2023,2.8,10,2023-10-01
Lada Hitam,2023,1.7,11,2023-11-01
Lada Hitam,2023,3.7,12,2023-12-01
Lada Hitam,2024,3.5,1,2024-01-01
Lada Hitam,2024,3.7,2,2024-02-01
Lada Hitam,2024,6.0,3,2024-03-01
Lada Hitam,2024,4.0,4,2024-04-01
Lada Hitam,2024,5.6,5,2024-05-01
Lada Hitam,2024,4.7,6,2024-06-01
Lada Hitam,2024,8.0,7,2024-07-01
Lada Hitam,2024,16.0,8,2024-08-01
Lada Hitam,2024,35.2,9,2024-09-01
Lada Hitam,2024,39.1,10,2024-10-01
Lada Hitam,2024,20.8,11,2024-11-01
Lada Hitam,2024,12.0,12,2024-12-01
Lada Hitam,2025,14.3,1,2025-01-01
Lada Hitam,2025,8.5,2,2025-02-01
Lada Hitam,2025,7.8,3,2025-03-01
Lada Hitam,2025,8.0,4,2025-04-01
Lada Hitam,2025,4.9,5,2025-05-01
Lada Hitam,2025,6.5,6,2025-06-01
Lada Hitam,2025,5.3,7,2025-07-01
Lada Hitam,2025,6.8,8,2025-08-01
Lada Hitam,2025,7.2,9,2025-09-01
Lada Hitam,2025,10.2,10,2025-10-01
Lada Hitam,2025,7.1,11,2025-11-01
Lada Hitam,2025,6.1,12,2025-12-01
Lada Hitam,2026,9.2,1,2026-01-01
Lada Hitam,2026,5.6,2,2026-02-01
Lada Hitam,2026,,3,2026-03-01
Lada Hitam,2026,,4,2026-04-01
Lada Hitam,2026,,5,2026-05-01
Lada Hitam,2026,,6,2026-06-01
Lada Hitam,2026,,7,2026-07-01
Lada Hitam,2026,,8,2026-08-01
Lada Hitam,2026,,9,2026-09-01
Lada Hitam,2026,,10,2026-10-01
Lada Hitam,2026,,11,2026-11-01
Lada Hitam,2026,,12,2026-12-01
Lada Putih,2023,6.1,1,2023-01-01
Lada Putih,2023,5.0,2,2023-02-01
Lada Putih,2023,7.0,3,2023-03-01
Lada Putih,2023,4.4,4,2023-04-01
Lada Putih,2023,6.7,5,2023-05-01
Lada Putih,2023,4.7,6,2023-06-01
Lada Putih,2023,6.8,7,2023-07-01
Lada Putih,2023,5.9,8,2023-08-01
Lada Putih,2023,5.3,9,2023-09-01
Lada Putih,2023,4.1,10,2023-10-01
Lada Putih,2023,4.5,11,2023-11-01
Lada Putih,2023,3.4,12,2023-12-01
Lada Putih,2024,6.8,1,2024-01-01
Lada Putih,2024,4.2,2,2024-02-01
Lada Putih,2024,9.2,3,2024-03-01
Lada Putih,2024,6.5,4,2024-04-01
Lada Putih,2024,10.4,5,2024-05-01
Lada Putih,2024,10.2,6,2024-06-01
Lada Putih,2024,10.8,7,2024-07-01
Lada Putih,2024,8.0,8,2024-08-01
Lada Putih,2024,10.6,9,2024-09-01
Lada Putih,2024,13.3,10,2024-10-01
Lada Putih,2024,17.8,11,2024-11-01
Lada Putih,2024,15.3,12,2024-12-01
Lada Putih,2025,13.0,1,2025-01-01
Lada Putih,2025,15.1,2,2025-02-01
Lada Putih,2025,13.7,3,2025-03-01
Lada Putih,2025,10.7,4,2025-04-01
Lada Putih,2025,12.9,5,2025-05-01
Lada Putih,2025,6.6,6,2025-06-01
Lada Putih,2025,7.1,7,2025-07-01
Lada Putih,2025,8.4,8,2025-08-01
Lada Putih,2025,8.0,9,2025-09-01
Lada Putih,2025,8.6,10,2025-10-01
Lada Putih,2025,11.3,11,2025-11-01
Lada Putih,2025,14.2,12,2025-12-01
Lada Putih,2026,13.6,1,2026-01-01
Lada Putih,2026,12.1,2,2026-02-01
Lada Putih,2026,,3,2026-03-01
Lada Putih,2026,,4,2026-04-01
Lada Putih,2026,,5,2026-05-01
Lada Putih,2026,,6,2026-06-01
Lada Putih,2026,,7,2026-07-01
Lada Putih,2026,,8,2026-08-01
Lada Putih,2026,,9,2026-09-01
Lada Putih,2026,,10,2026-10-01
Lada Putih,2026,,11,2026-11-01
Lada Putih,2026,,12,2026-12-01
Lainnya,2023,118.9,1,2023-01-01
Lainnya,2023,92.4,2,2023-02-01
Lainnya,2023,118.9,3,2023-03-01
Lainnya,2023,86.4,4,2023-04-01
Lainnya,2023,108.6,5,2023-05-01
Lainnya,2023,93.4,6,2023-06-01
Lainnya,2023,110.6,7,2023-07-01
Lainnya,2023,101.7,8,2023-08-01
Lainnya,2023,117.1,9,2023-09-01
Lainnya,2023,93.7,10,2023-10-01
Lainnya,2023,100.0,11,2023-11-01
Lainnya,2023,118.9,12,2023-12-01
Lainnya,2024,124.5,1,2024-01-01
Lainnya,2024,126.7,2,2024-02-01
Lainnya,2024,125.2,3,2024-03-01
Lainnya,2024,94.2,4,2024-04-01
Lainnya,2024,115.5,5,2024-05-01
Lainnya,2024,98.1,6,2024-06-01
Lainnya,2024,119.7,7,2024-07-01
Lainnya,2024,125.5,8,2024-08-01
Lainnya,2024,121.4,9,2024-09-01
Lainnya,2024,133.0,10,2024-10-01
Lainnya,2024,149.3,11,2024-11-01
Lainnya,2024,154.8,12,2024-12-01
Lainnya,2025,132.6,1,2025-01-01
Lainnya,2025,142.2,2,2025-02-01
Lainnya,2025,127.1,3,2025-03-01
Lainnya,2025,123.4,4,2025-04-01
Lainnya,2025,140.5,5,2025-05-01
Lainnya,2025,100.7,6,2025-06-01
Lainnya,2025,122.7,7,2025-07-01
Lainnya,2025,122.1,8,2025-08-01
Lainnya,2025,117.1,9,2025-09-01
Lainnya,2025,122.2,10,2025-10-01
Lainnya,2025,113.6,11,2025-11-01
Lainnya,2025,130.7,12,2025-12-01
Lainnya,2026,120.0,1,2026-01-01
Lainnya,2026,116.8,2,2026-02-01
Lainnya,2026,,3,2026-03-01
Lainnya,2026,,4,2026-04-01
Lainnya,2026,,5,2026-05-01
Lainnya,2026,,6,2026-06-01
Lainnya,2026,,7,2026-07-01
Lainnya,2026,,8,2026-08-01
Lainnya,2026,,9,2026-09-01
Lainnya,2026,,10,2026-10-01
Lainnya,2026,,11,2026-11-01
Lainnya,2026,,12,2026-12-01
Rumput Laut dan Ganggang Lainnya,2023,32.1,1,2023-01-01
Rumput Laut dan Ganggang Lainnya,2023,19.9,2,2023-02-01
Rumput Laut dan Ganggang Lainnya,2023,39.4,3,2023-03-01
Rumput Laut dan Ganggang Lainnya,2023,25.6,4,2023-04-01
Rumput Laut dan Ganggang Lainnya,2023,29.0,5,2023-05-01
Rumput Laut dan Ganggang Lainnya,2023,16.6,6,2023-06-01
Rumput Laut dan Ganggang Lainnya,2023,24.2,7,2023-07-01
Rumput Laut dan Ganggang Lainnya,2023,25.5,8,2023-08-01
Rumput Laut dan Ganggang Lainnya,2023,21.9,9,2023-09-01
Rumput Laut dan Ganggang Lainnya,2023,17.7,10,2023-10-01
Rumput Laut dan Ganggang Lainnya,2023,19.1,11,2023-11-01
Rumput Laut dan Ganggang Lainnya,2023,13.8,12,2023-12-01
Rumput Laut dan Ganggang Lainnya,2024,15.7,1,2024-01-01
Rumput Laut dan Ganggang Lainnya,2024,16.6,2,2024-02-01
Rumput Laut dan Ganggang Lainnya,2024,17.1,3,2024-03-01
Rumput Laut dan Ganggang Lainnya,2024,13.3,4,2024-04-01
Rumput Laut dan Ganggang Lainnya,2024,16.5,5,2024-05-01
Rumput Laut dan Ganggang Lainnya,2024,12.4,6,2024-06-01
Rumput Laut dan Ganggang Lainnya,2024,17.1,7,2024-07-01
Rumput Laut dan Ganggang Lainnya,2024,19.7,8,2024-08-01
Rumput Laut dan Ganggang Lainnya,2024,17.0,9,2024-09-01
Rumput Laut dan Ganggang Lainnya,2024,17.6,10,2024-10-01
Rumput Laut dan Ganggang Lainnya,2024,14.9,11,2024-11-01
Rumput Laut dan Ganggang Lainnya,2024,14.8,12,2024-12-01
Rumput Laut dan Ganggang Lainnya,2025,13.7,1,2025-01-01
Rumput Laut dan Ganggang Lainnya,2025,13.5,2,2025-02-01
Rumput Laut dan Ganggang Lainnya,2025,14.8,3,2025-03-01
Rumput Laut dan Ganggang Lainnya,2025,13.5,4,2025-04-01
Rumput Laut dan Ganggang Lainnya,2025,15.3,5,2025-05-01
Rumput Laut dan Ganggang Lainnya,2025,12.7,6,2025-06-01
Rumput Laut dan Ganggang Lainnya,2025,18.3,7,2025-07-01
Rumput Laut dan Ganggang Lainnya,2025,18.3,8,2025-08-01
Rumput Laut dan Ganggang Lainnya,2025,16.9,9,2025-09-01
Rumput Laut dan Ganggang Lainnya,2025,18.7,10,2025-10-01
Rumput Laut dan Ganggang Lainnya,2025,16.4,11,2025-11-01
Rumput Laut dan Ganggang Lainnya,2025,12.4,12,2025-12-01
Rumput Laut dan Ganggang Lainnya,2026,11.4,1,2026-01-01
Rumput Laut dan Ganggang Lainnya,2026,10.3,2,2026-02-01
Rumput Laut dan Ganggang Lainnya,2026,,3,2026-03-01
Rumput Laut dan Ganggang Lainnya,2026,,4,2026-04-01
Rumput Laut dan Ganggang Lainnya,2026,,5,2026-05-01
Rumput Laut dan Ganggang Lainnya,2026,,6,2026-06-01
Rumput Laut dan Ganggang Lainnya,2026,,7,2026-07-01
Rumput Laut dan Ganggang Lainnya,2026,,8,2026-08-01
Rumput Laut dan Ganggang Lainnya,2026,,9,2026-09-01
Rumput Laut dan Ganggang Lainnya,2026,,10,2026-10-01
Rumput Laut dan Ganggang Lainnya,2026,,11,2026-11-01
Rumput Laut dan Ganggang Lainnya,2026,,12,2026-12-01
Sarang Burung,2023,46.2,1,2023-01-01
Sarang Burung,2023,60.0,2,2023-02-01
Sarang Burung,2023,61.1,3,2023-03-01
Sarang Burung,2023,49.9,4,2023-04-01
Sarang Burung,2023,44.6,5,2023-05-01
Sarang Burung,2023,47.7,6,2023-06-01
Sarang Burung,2023,44.9,7,2023-07-01
Sarang Burung,2023,53.8,8,2023-08-01
Sarang Burung,2023,60.7,9,2023-09-01
Sarang Burung,2023,58.1,10,2023-10-01
Sarang Burung,2023,53.6,11,2023-11-01
Sarang Burung,2023,52.8,12,2023-12-01
Sarang Burung,2024,65.0,1,2024-01-01
Sarang Burung,2024,33.3,2,2024-02-01
Sarang Burung,2024,55.1,3,2024-03-01
Sarang Burung,2024,36.8,4,2024-04-01
Sarang Burung,2024,48.9,5,2024-05-01
Sarang Burung,2024,43.8,6,2024-06-01
Sarang Burung,2024,43.3,7,2024-07-01
Sarang Burung,2024,45.6,8,2024-08-01
Sarang Burung,2024,39.8,9,2024-09-01
Sarang Burung,2024,46.2,10,2024-10-01
Sarang Burung,2024,47.0,11,2024-11-01
Sarang Burung,2024,46.7,12,2024-12-01
Sarang Burung,2025,50.1,1,2025-01-01
Sarang Burung,2025,42.8,2,2025-02-01
Sarang Burung,2025,52.9,3,2025-03-01
Sarang Burung,2025,20.6,4,2025-04-01
Sarang Burung,2025,37.3,5,2025-05-01
Sarang Burung,2025,26.0,6,2025-06-01
Sarang Burung,2025,30.4,7,2025-07-01
Sarang Burung,2025,41.3,8,2025-08-01
Sarang Burung,2025,43.7,9,2025-09-01
Sarang Burung,2025,45.7,10,2025-10-01
Sarang Burung,2025,40.0,11,2025-11-01
Sarang Burung,2025,43.6,12,2025-12-01
Sarang Burung,2026,55.8,1,2026-01-01
Sarang Burung,2026,27.3,2,2026-02-01
Sarang Burung,2026,,3,2026-03-01
Sarang Burung,2026,,4,2026-04-01
Sarang Burung,2026,,5,2026-05-01
Sarang Burung,2026,,6,2026-06-01
Sarang Burung,2026,,7,2026-07-01
Sarang Burung,2026,,8,2026-08-01
Sarang Burung,2026,,9,2026-09-01
Sarang Burung,2026,,10,2026-10-01
Sarang Burung,2026,,11,2026-11-01
Sarang Burung,2026,,12,2026-12-01
Sayur-sayuran,2023,2.6,1,2023-01-01
Sayur-sayuran,2023,2.2,2,2023-02-01
Sayur-sayuran,2023,4.2,3,2023-03-01
Sayur-sayuran,2023,6.9,4,2023-04-01
Sayur-sayuran,2023,11.6,5,2023-05-01
Sayur-sayuran,2023,13.2,6,2023-06-01
Sayur-sayuran,2023,14.7,7,2023-07-01
Sayur-sayuran,2023,28.0,8,2023-08-01
Sayur-sayuran,2023,25.2,9,2023-09-01
Sayur-sayuran,2023,12.9,10,2023-10-01
Sayur-sayuran,2023,7.7,11,2023-11-01
Sayur-sayuran,2023,4.8,12,2023-12-01
Sayur-sayuran,2024,3.4,1,2024-01-01
Sayur-sayuran,2024,2.4,2,2024-02-01
Sayur-sayuran,2024,2.8,3,2024-03-01
Sayur-sayuran,2024,3.2,4,2024-04-01
Sayur-sayuran,2024,21.9,5,2024-05-01
Sayur-sayuran,2024,30.7,6,2024-06-01
Sayur-sayuran,2024,34.4,7,2024-07-01
Sayur-sayuran,2024,29.4,8,2024-08-01
Sayur-sayuran,2024,33.1,9,2024-09-01
Sayur-sayuran,2024,27.4,10,2024-10-01
Sayur-sayuran,2024,12.2,11,2024-11-01
Sayur-sayuran,2024,16.2,12,2024-12-01
Sayur-sayuran,2025,4.5,1,2025-01-01
Sayur-sayuran,2025,9.9,2,2025-02-01
Sayur-sayuran,2025,7.0,3,2025-03-01
Sayur-sayuran,2025,29.0,4,2025-04-01
Sayur-sayuran,2025,49.4,5,2025-05-01
Sayur-sayuran,2025,51.5,6,2025-06-01
Sayur-sayuran,2025,27.7,7,2025-07-01
Sayur-sayuran,2025,17.0,8,2025-08-01
Sayur-sayuran,2025,25.3,9,2025-09-01
Sayur-sayuran,2025,16.1,10,2025-10-01
Sayur-sayuran,2025,10.8,11,2025-11-01
Sayur-sayuran,2025,6.7,12,2025-12-01
Sayur-sayuran,2026,4.6,1,2026-01-01
Sayur-sayuran,2026,2.7,2,2026-02-01
Sayur-sayuran,2026,,3,2026-03-01
Sayur-sayuran,2026,,4,2026-04-01
Sayur-sayuran,2026,,5,2026-05-01
Sayur-sayuran,2026,,6,2026-06-01
Sayur-sayuran,2026,,7,2026-07-01
Sayur-sayuran,2026,,8,2026-08-01
Sayur-sayuran,2026,,9,2026-09-01
Sayur-sayuran,2026,,10,2026-10-01
Sayur-sayuran,2026,,11,2026-11-01
Sayur-sayuran,2026,,12,2026-12-01
"Tanaman Obat, Aromatik, dan Rempah-Rempah",2023,37.4,1,2023-01-01
"Tanaman Obat, Aromatik, dan Rempah-Rempah",2023,41.5,2,2023-02-01
"Tanaman Obat, Aromatik, dan Rempah-Rempah",2023,47.7,3,2023-03-01
"Tanaman Obat, Aromatik, dan Rempah-Rempah",2023,32.7,4,2023-04-01
"Tanaman Obat, Aromatik, dan Rempah-Rempah",2023,46.5,5,2023-05-01
"Tanaman Obat, Aromatik, dan Rempah-Rempah",2023,41.1,6,2023-06-01
"Tanaman Obat, Aromatik, dan Rempah-Rempah",2023,34.9,7,2023-07-01
"Tanaman Obat, Aromatik, dan Rempah-Rempah",2023,37.9,8,2023-08-01
"Tanaman Obat, Aromatik, dan Rempah-Rempah",2023,40.6,9,2023-09-01
"Tanaman Obat, Aromatik, dan Rempah-Rempah",2023,39.5,10,2023-10-01
"Tanaman Obat, Aromatik, dan Rempah-Rempah",2023,33.2,11,2023-11-01
"Tanaman Obat, Aromatik, dan Rempah-Rempah",2023,32.2,12,2023-12-01
"Tanaman Obat, Aromatik, dan Rempah-Rempah",2024,30.5,1,2024-01-01
"Tanaman Obat, Aromatik, dan Rempah-Rempah",2024,30.7,2,2024-02-01
"Tanaman Obat, Aromatik, dan Rempah-Rempah",2024,32.7,3,2024-03-01
"Tanaman Obat, Aromatik, dan Rempah-Rempah",2024,27.1,4,2024-04-01
"Tanaman Obat, Aromatik, dan Rempah-Rempah",2024,37.3,5,2024-05-01
"Tanaman Obat, Aromatik, dan Rempah-Rempah",2024,36.6,6,2024-06-01
"Tanaman Obat, Aromatik, dan Rempah-Rempah",2024,40.8,7,2024-07-01
"Tanaman Obat, Aromatik, dan Rempah-Rempah",2024,38.6,8,2024-08-01
"Tanaman Obat, Aromatik, dan Rempah-Rempah",2024,34.8,9,2024-09-01
"Tanaman Obat, Aromatik, dan Rempah-Rempah",2024,40.1,10,2024-10-01
"Tanaman Obat, Aromatik, dan Rempah-Rempah",2024,39.3,11,2024-11-01
"Tanaman Obat, Aromatik, dan Rempah-Rempah",2024,37.2,12,2024-12-01
"Tanaman Obat, Aromatik, dan Rempah-Rempah",2025,33.9,1,2025-01-01
"Tanaman Obat, Aromatik, dan Rempah-Rempah",2025,38.5,2,2025-02-01
"Tanaman Obat, Aromatik, dan Rempah-Rempah",2025,63.1,3,2025-03-01
"Tanaman Obat, Aromatik, dan Rempah-Rempah",2025,46.8,4,2025-04-01
"Tanaman Obat, Aromatik, dan Rempah-Rempah",2025,67.5,5,2025-05-01
"Tanaman Obat, Aromatik, dan Rempah-Rempah",2025,58.3,6,2025-06-01
"Tanaman Obat, Aromatik, dan Rempah-Rempah",2025,62.9,7,2025-07-01
"Tanaman Obat, Aromatik, dan Rempah-Rempah",2025,56.0,8,2025-08-01
"Tanaman Obat, Aromatik, dan Rempah-Rempah",2025,56.6,9,2025-09-01
"Tanaman Obat, Aromatik, dan Rempah-Rempah",2025,60.2,10,2025-10-01
"Tanaman Obat, Aromatik, dan Rempah-Rempah",2025,50.8,11,2025-11-01
"Tanaman Obat, Aromatik, dan Rempah-Rempah",2025,47.7,12,2025-12-01
"Tanaman Obat, Aromatik, dan Rempah-Rempah",2026,38.3,1,2026-01-01
"Tanaman Obat, Aromatik, dan Rempah-Rempah",2026,41.9,2,2026-02-01
"Tanaman Obat, Aromatik, dan Rempah-Rempah",2026,,3,2026-03-01
"Tanaman Obat, Aromatik, dan Rempah-Rempah",2026,,4,2026-04-01
"Tanaman Obat, Aromatik, dan Rempah-Rempah",2026,,5,2026-05-01
"Tanaman Obat, Aromatik, dan Rempah-Rempah",2026,,6,2026-06-01
"Tanaman Obat, Aromatik, dan Rempah-Rempah",2026,,7,2026-07-01
"Tanaman Obat, Aromatik, dan Rempah-Rempah",2026,,8,2026-08-01
"Tanaman Obat, Aromatik, dan Rempah-Rempah",2026,,9,2026-09-01
"Tanaman Obat, Aromatik, dan Rempah-Rempah",2026,,10,2026-10-01
"Tanaman Obat, Aromatik, dan Rempah-Rempah",2026,,11,2026-11-01
"Tanaman Obat, Aromatik, dan Rempah-Rempah",2026,,12,2026-12-01
Tembakau,2023,3.7,1,2023-01-01
Tembakau,2023,4.3,2,2023-02-01
Tembakau,2023,6.4,3,2023-03-01
Tembakau,2023,2.5,4,2023-04-01
Tembakau,2023,8.6,5,2023-05-01
Tembakau,2023,7.7,6,2023-06-01
Tembakau,2023,9.5,7,2023-07-01
Tembakau,2023,8.0,8,2023-08-01
Tembakau,2023,10.7,9,2023-09-01
Tembakau,2023,10.3,10,2023-10-01
Tembakau,2023,10.8,11,2023-11-01
Tembakau,2023,4.3,12,2023-12-01
Tembakau,2024,2.6,1,2024-01-01
Tembakau,2024,4.9,2,2024-02-01
Tembakau,2024,6.8,3,2024-03-01
Tembakau,2024,7.0,4,2024-04-01
Tembakau,2024,13.6,5,2024-05-01
Tembakau,2024,12.1,6,2024-06-01
Tembakau,2024,11.9,7,2024-07-01
Tembakau,2024,15.0,8,2024-08-01
Tembakau,2024,7.2,9,2024-09-01
Tembakau,2024,7.5,10,2024-10-01
Tembakau,2024,8.7,11,2024-11-01
Tembakau,2024,6.9,12,2024-12-01
Tembakau,2025,2.2,1,2025-01-01
Tembakau,2025,4.6,2,2025-02-01
Tembakau,2025,9.5,3,2025-03-01
Tembakau,2025,2.7,4,2025-04-01
Tembakau,2025,2.6,5,2025-05-01
Tembakau,2025,5.7,6,2025-06-01
Tembakau,2025,14.4,7,2025-07-01
Tembakau,2025,10.8,8,2025-08-01
Tembakau,2025,6.8,9,2025-09-01
Tembakau,2025,6.4,10,2025-10-01
Tembakau,2025,7.4,11,2025-11-01
Tembakau,2025,5.7,12,2025-12-01
Tembakau,2026,2.1,1,2026-01-01
Tembakau,2026,4.3,2,2026-02-01
Tembakau,2026,,3,2026-03-01
Tembakau,2026,,4,2026-04-01
Tembakau,2026,,5,2026-05-01
Tembakau,2026,,6,2026-06-01
Tembakau,2026,,7,2026-07-01
Tembakau,2026,,8,2026-08-01
Tembakau,2026,,9,2026-09-01
Tembakau,2026,,10,2026-10-01
Tembakau,2026,,11,2026-11-01
Tembakau,2026,,12,2026-12-01
